Текст,Cosine,Jaccard,Dice
0,0.2585438449975096,0.03153153153153153,0.0611353711790393
1,0.3414850519579334,0.04054054054054054,0.07792207792207792
2,0.5081140302055804,0.05,0.09523809523809523
3,0.3190767223586378,0.024017467248908297,0.046908315565031986
