Текст,Cosine,Jaccard,Dice
0,0.5231388366621641,0.06818181818181818,0.1276595744680851
1,0.47940080626855386,0.06278026905829596,0.11814345991561181
2,0.5198957281647048,0.05333333333333334,0.10126582278481013
3,0.40509574683346666,0.03260869565217391,0.06315789473684211
