Текст,Cosine,Jaccard,Dice
0,1.0000000000000002,1.0,1.0
1,0.8254726705759499,0.5171102661596958,0.681704260651629
2,0.6830974024489438,0.3611111111111111,0.5306122448979592
