Текст,Cosine,Jaccard,Dice
0,0.5566341669138604,0.11707317073170732,0.2096069868995633
1,0.5132944359184718,0.11224489795918367,0.2018348623853211
2,0.5016825622427262,0.08205128205128205,0.15165876777251186
3,0.4263641790716185,0.06926406926406926,0.12955465587044535
4,0.4099299866098977,0.03463203463203463,0.06694560669456066
5,0.5226101676041492,0.0871559633027523,0.16033755274261605
